devEUI,deviceName,timestamp,fCnt,gatewayID,loRaSNR,rssi,frequency,dr,latitude,longitude,altitude,battery,humidity,pressure,temperature,gas_resistance,acc_x,acc_y,acc_z
ac1f09fffe044ddc,RAK5205-1,1621017473,183,ac1f09fffe0468cf,9,-59,868100000,5,47.8928,1.8948,126.5,4.21,55.5,1000.7,17.6,30.64,-0.025,0.965,-0.029
ac1f09fffe044ddc,RAK5205-1,1621017546,184,ac1f09fffe0468cf,8,-58,867900000,5,47.8924,1.8949,104.8,3.82,55.5,1000.8,17.7,28.75,-0.029,0.968,-0.026
ac1f09fffe044ddc,RAK5205-1,1621017654,186,ac1f09fffe0468cf,10.8,-58,867700000,5,47.8923,1.8947,111,3.81,55.5,1000.7,17.7,29.31,-0.028,0.969,-0.025
ac1f09fffe044ddc,RAK5205-1,1621017704,187,ac1f09fffe0468cf,10.3,-58,867900000,5,47.8934,1.8945,167690.86,3.81,55.5,1000.7,17.7,29.75,-0.026,0.975,-0.029
ac1f09fffe044ddc,RAK5205-1,1621017755,188,ac1f09fffe0468cf,9.8,-58,868100000,5,47.8924,1.8948,112.5,4.21,55.5,1000.7,17.7,29.58,-0.028,0.969,-0.02
ac1f09fffe044ddc,RAK5205-1,1621017803,189,ac1f09fffe0468cf,9.5,-55,868300000,5,47.8926,1.895,97,3.81,56,1000.7,17.7,30.03,-0.024,0.967,-0.02
ac1f09fffe044ddc,RAK5205-1,1621017845,190,ac1f09fffe0468cf,7.8,-56,868500000,5,47.8925,1.8949,95,3.81,56,1000.7,17.6,30.95,-0.023,0.97,-0.023
ac1f09fffe044ddc,RAK5205-1,1621017959,192,ac1f09fffe0468cf,9.5,-59,867700000,5,47.8924,1.895,127.2,3.82,55.5,1000.7,17.7,29.58,-0.032,0.967,-0.027
ac1f09fffe044ddc,RAK5205-1,1621017995,193,ac1f09fffe0468cf,10.3,-58,868100000,5,47.8924,1.8949,101.6,3.82,56,1000.7,17.7,31.37,-0.028,0.97,-0.031
ac1f09fffe044ddc,RAK5205-1,1621018049,194,ac1f09fffe0468cf,10,-55,868300000,5,47.8922,1.895,82.5,3.81,56,1000.7,17.6,30.22,-0.026,0.968,-0.02
ac1f09fffe044ddc,RAK5205-1,1621018085,195,ac1f09fffe0468cf,9.3,-56,868300000,5,47.8924,1.8948,103.5,3.81,56,1000.7,17.6,31.92,-0.03,0.967,-0.033
ac1f09fffe044ddc,RAK5205-1,1621018139,196,ac1f09fffe0468cf,9.8,-57,868100000,5,47.8924,1.8948,113.4,3.82,56,1000.7,17.6,30.59,-0.024,0.969,-0.025
ac1f09fffe044ddc,RAK5205-1,1621018194,197,ac1f09fffe0468cf,7,-57,867500000,5,47.8925,1.8949,114.1,3.81,56,1000.7,17.6,30.01,-0.024,0.969,-0.017
ac1f09fffe044ddc,RAK5205-1,1621018238,198,ac1f09fffe0468cf,10,-59,867900000,5,47.8923,1.8946,126.6,3.81,56,1000.7,17.7,30.68,-0.026,0.967,-0.026
ac1f09fffe044ddc,RAK5205-1,1621018289,199,ac1f09fffe0468cf,8.3,-57,868500000,5,47.8924,1.8948,108.5,4.21,56,1000.7,17.6,30.35,-0.027,0.968,-0.033
ac1f09fffe044ddc,RAK5205-1,1621018329,200,ac1f09fffe0468cf,10,-56,868300000,5,47.8923,1.8947,123.8,3.81,56,1000.7,17.6,31.3,-0.026,0.965,-0.018
ac1f09fffe044ddc,RAK5205-1,1621018382,201,ac1f09fffe0468cf,6.8,-56,867500000,5,47.8923,1.8946,125.2,4.21,56,1000.7,17.6,30.44,-0.028,0.968,-0.026
ac1f09fffe044ddc,RAK5205-1,1621018433,202,ac1f09fffe0468cf,9.5,-57,868300000,5,47.8924,1.8949,106.8,3.81,56,1000.7,17.6,30.16,-0.024,0.969,-0.031
ac1f09fffe044ddc,RAK5205-1,1621018538,204,ac1f09fffe0468cf,8.8,-57,867700000,5,47.8921,1.8946,125,3.81,56,1000.7,17.6,29.25,-0.03,0.972,-0.028
ac1f09fffe044ddc,RAK5205-1,1621018589,205,ac1f09fffe0468cf,10,-56,868300000,5,47.8924,1.8948,112.4,4.21,56,1000.7,17.6,29.44,-0.03,0.968,-0.027
ac1f09fffe044ddc,RAK5205-1,1621018625,206,ac1f09fffe0468cf,9.8,-59,867900000,5,47.8924,1.8948,119.4,4.21,56.5,1000.7,17.6,31.25,-0.028,0.973,-0.028
ac1f09fffe044ddc,RAK5205-1,1621018673,207,ac1f09fffe0468cf,8.3,-55,868500000,5,47.8924,1.8948,114.3,3.81,56.5,1000.7,17.6,30.93,-0.023,0.97,-0.022
ac1f09fffe044ddc,RAK5205-1,1621018715,208,ac1f09fffe0468cf,7.8,-57,868500000,5,47.8924,1.8949,117.6,3.81,56.5,1000.7,17.6,31.23,-0.026,0.968,-0.006
ac1f09fffe044ddc,RAK5205-1,1621018763,209,ac1f09fffe0468cf,9.8,-55,868300000,5,47.8923,1.8948,127.9,3.81,56.5,1000.7,17.5,30.84,-0.03,0.967,-0.016
ac1f09fffe044ddc,RAK5205-1,1621018805,210,ac1f09fffe0468cf,7.3,-57,867500000,5,47.8923,1.8947,117,4.21,56.5,1000.7,17.6,31.44,-0.025,0.969,-0.021
ac1f09fffe044ddc,RAK5205-1,1621018859,211,ac1f09fffe0468cf,6,-57,867500000,5,47.8924,1.8948,98.4,3.81,56.5,1000.8,17.6,30.24,-0.028,0.972,-0.021
ac1f09fffe044ddc,RAK5205-1,1621018895,212,ac1f09fffe0468cf,9.8,-58,868100000,5,47.8923,1.8946,118.2,3.81,56.5,1000.7,17.6,31.85,-0.028,0.969,-0.018
ac1f09fffe044ddc,RAK5205-1,1621018949,213,ac1f09fffe0468cf,10,-56,868300000,5,47.8924,1.8948,110.9,3.81,56.5,1000.7,17.6,30.89,-0.027,0.965,-0.022
ac1f09fffe044ddc,RAK5205-1,1621018985,214,ac1f09fffe0468cf,10.5,-56,868300000,5,47.8925,1.8949,102.7,3.81,56.5,1000.7,17.6,32.33,-0.025,0.965,-0.031
ac1f09fffe044ddc,RAK5205-1,1621019039,215,ac1f09fffe0468cf,10.3,-59,868100000,5,47.8924,1.8949,113.9,3.81,56.5,1000.7,17.5,30.8,-0.026,0.966,-0.02
ac1f09fffe044ddc,RAK5205-1,1621019075,216,ac1f09fffe0468cf,7.5,-58,867500000,5,47.8924,1.8946,117.5,3.81,57,1000.7,17.5,32.33,-0.027,0.97,-0.022
ac1f09fffe044ddc,RAK5205-1,1621019123,217,ac1f09fffe0468cf,9.3,-58,867700000,5,47.8925,1.8945,125.7,3.82,56.5,1000.7,17.5,31.44,-0.027,0.971,-0.028
ac1f09fffe044ddc,RAK5205-1,1621019165,218,ac1f09fffe0468cf,8.8,-54,868500000,5,47.8924,1.8943,147.2,3.81,57,1000.7,17.5,31.89,-0.028,0.969,-0.017
ac1f09fffe044ddc,RAK5205-1,1621019215,219,ac1f09fffe0468cf,7.5,-58,867500000,5,47.8922,1.8947,123.9,4.21,56.5,1000.7,17.5,31.09,-0.025,0.973,-0.018
ac1f09fffe044ddc,RAK5205-1,1621019255,220,ac1f09fffe0468cf,9.8,-57,868300000,5,47.8923,1.8947,123,3.82,57,1000.8,17.5,31.8,-0.028,0.97,-0.027
ac1f09fffe044ddc,RAK5205-1,1621019303,221,ac1f09fffe0468cf,10.8,-56,868300000,5,47.8925,1.8945,124.6,4.21,57,1000.7,17.5,31,-0.025,0.972,-0.027
ac1f09fffe044ddc,RAK5205-1,1621019345,222,ac1f09fffe0468cf,10.8,-57,868300000,5,47.8924,1.8948,117.6,3.81,57,1000.8,17.5,31.28,-0.028,0.969,-0.023
ac1f09fffe044ddc,RAK5205-1,1621019393,223,ac1f09fffe0468cf,7.5,-56,868500000,5,47.8924,1.8945,125.6,3.66,57,1000.8,17.5,30.93,-0.026,0.968,-0.033
ac1f09fffe044ddc,RAK5205-1,1621019435,224,ac1f09fffe0468cf,8.8,-57,867900000,5,47.8924,1.8949,110.3,4.21,57,1000.7,17.4,31.58,-0.03,0.971,-0.025
ac1f09fffe044ddc,RAK5205-1,1621019489,225,ac1f09fffe0468cf,10,-59,867900000,5,47.8925,1.895,92,4.21,57,1000.8,17.4,30.46,-0.025,0.972,-0.022
ac1f09fffe044ddc,RAK5205-1,1621019544,226,ac1f09fffe0468cf,10.5,-57,868300000,5,47.8924,1.8948,117.2,4.21,57,1000.8,17.5,30.16,-0.029,0.967,-0.025
ac1f09fffe044ddc,RAK5205-1,1621019585,227,ac1f09fffe0468cf,8.3,-55,868500000,5,47.8923,1.8947,119,3.81,57,1000.8,17.5,31.09,-0.028,0.966,-0.025
ac1f09fffe044ddc,RAK5205-1,1621019635,228,ac1f09fffe0468cf,8,-54,868500000,5,47.8926,1.895,128.2,4.21,57,1000.8,17.4,30.73,-0.028,0.973,-0.022
ac1f09fffe044ddc,RAK5205-1,1621019675,229,ac1f09fffe0468cf,7.5,-58,867500000,5,47.8924,1.8948,118.9,3.82,57,1000.8,17.4,31.49,-0.027,0.969,-0.024
ac1f09fffe044ddc,RAK5205-1,1621019723,230,ac1f09fffe0468cf,7.3,-58,867500000,5,47.8925,1.895,106.2,3.82,57,1000.8,17.4,31,-0.027,0.966,-0.021
ac1f09fffe044ddc,RAK5205-1,1621019765,231,ac1f09fffe0468cf,10,-58,867700000,5,47.8926,1.8951,93.7,4.21,57,1000.9,17.4,31.46,-0.029,0.969,-0.025
ac1f09fffe044ddc,RAK5205-1,1621019813,232,ac1f09fffe0468cf,7.5,-58,867500000,5,47.8925,1.895,103,4.21,57,1000.9,17.4,31.07,-0.028,0.969,-0.023
ac1f09fffe044ddc,RAK5205-1,1621019855,233,ac1f09fffe0468cf,7.3,-58,867500000,5,47.8923,1.8948,128,4.21,57.5,1000.9,17.4,31.37,-0.028,0.969,-0.023
ac1f09fffe044ddc,RAK5205-1,1621019909,234,ac1f09fffe0468cf,9,-58,867900000,5,47.8925,1.8949,101.1,3.82,57,1000.9,17.4,30.48,-0.029,0.968,-0.031
ac1f09fffe044ddc,RAK5205-1,1621019945,235,ac1f09fffe0468cf,10,-58,867700000,5,47.8924,1.8948,112.5,3.81,57.5,1000.9,17.4,32.04,-0.026,0.967,-0.026
ac1f09fffe044ddc,RAK5205-1,1621019993,236,ac1f09fffe0468cf,10.5,-56,867700000,5,47.8926,1.8951,83.1,4.21,57.5,1000.9,17.3,31.28,-0.025,0.965,-0.03
ac1f09fffe044ddc,RAK5205-1,1621020035,237,ac1f09fffe0468cf,6.8,-58,867500000,5,47.8924,1.8948,122.1,3.81,57.5,1000.8,17.3,31.65,-0.028,0.973,-0.012
ac1f09fffe044ddc,RAK5205-1,1621020083,238,ac1f09fffe0468cf,7.8,-58,867500000,5,47.8924,1.8948,122.4,4.21,57.5,1000.9,17.3,31.18,-0.028,0.969,-0.022
ac1f09fffe044ddc,RAK5205-1,1621020125,239,ac1f09fffe0468cf,7.8,-58,867500000,5,47.8923,1.8946,137.5,4.21,57.5,1000.9,17.3,31.68,-0.029,0.969,-0.023
ac1f09fffe044ddc,RAK5205-1,1621020173,240,ac1f09fffe0468cf,7,-59,867500000,5,47.8924,1.8948,128.3,4.21,57.5,1000.8,17.3,31.14,-0.028,0.967,-0.025
ac1f09fffe044ddc,RAK5205-1,1621020215,241,ac1f09fffe0468cf,9.5,-57,867900000,5,47.8925,1.895,95.7,3.81,57.5,1000.9,17.3,31.53,-0.026,0.971,-0.027
ac1f09fffe044ddc,RAK5205-1,1621020265,242,ac1f09fffe0468cf,9.8,-57,868100000,5,47.8923,1.8945,127.9,3.81,57.5,1000.9,17.3,31.05,-0.029,0.964,-0.026
ac1f09fffe044ddc,RAK5205-1,1621020305,243,ac1f09fffe0468cf,9.3,-58,867700000,5,47.8924,1.8948,115.3,3.81,57.5,1000.9,17.4,31.7,-0.026,0.969,-0.022
ac1f09fffe044ddc,RAK5205-1,1621020359,244,ac1f09fffe0468cf,7.8,-55,868500000,5,47.8924,1.8948,111.2,3.81,57,1000.9,17.4,30.42,-0.025,0.967,-0.033
ac1f09fffe044ddc,RAK5205-1,1621020395,245,ac1f09fffe0468cf,7.8,-58,867500000,5,47.8924,1.8949,105.9,4.21,57.5,1000.9,17.4,32.04,-0.027,0.971,-0.026
ac1f09fffe044ddc,RAK5205-1,1621020443,246,ac1f09fffe0468cf,9.3,-57,868100000,5,47.8924,1.8947,124.3,3.66,57,1000.9,17.4,31,-0.029,0.969,-0.017
ac1f09fffe044ddc,RAK5205-1,1621020485,247,ac1f09fffe0468cf,9.3,-55,868300000,5,47.8925,1.8949,113.9,4.21,57.5,1000.9,17.4,31.21,-0.027,0.967,-0.021
ac1f09fffe044ddc,RAK5205-1,1621020546,248,ac1f09fffe0468cf,11,-56,868300000,5,47.8924,1.8948,114.1,3.81,57,1000.9,17.4,29.54,-0.03,0.968,-0.027
ac1f09fffe044ddc,RAK5205-1,1621020595,249,ac1f09fffe0468cf,7,-55,868500000,5,47.8921,1.8941,126.2,3.82,57,1000.9,17.4,29.77,-0.026,0.968,-0.019
ac1f09fffe044ddc,RAK5205-1,1621020635,250,ac1f09fffe0468cf,7.5,-57,867500000,5,47.8924,1.8949,108.5,4.21,57.5,1000.9,17.4,30.95,-0.026,0.971,-0.025
ac1f09fffe044ddc,RAK5205-1,1621020683,251,ac1f09fffe0468cf,8,-57,867500000,5,47.8924,1.8948,114.4,4.21,57,1001,17.4,30.4,-0.022,0.967,-0.03
ac1f09fffe044ddc,RAK5205-1,1621020725,252,ac1f09fffe0468cf,7.8,-59,867500000,5,47.8925,1.895,86.8,4.21,57.5,1001,17.4,31,-0.025,0.966,-0.029
ac1f09fffe044ddc,RAK5205-1,1621020773,253,ac1f09fffe0468cf,9.3,-58,868100000,5,47.8924,1.8948,123.7,3.65,57,1000.9,17.4,30.73,-0.029,0.968,-0.029
ac1f09fffe044ddc,RAK5205-1,1621020840,254,ac1f09fffe0468cf,9.8,-61,868300000,5,47.8921,1.8942,163.9,3.82,57,1000.9,17.5,29.11,-0.026,0.97,-0.029
ac1f09fffe044ddc,RAK5205-1,1621020902,255,ac1f09fffe0468cf,7.5,-58,868500000,5,47.8925,1.895,97.9,4.22,57,1001,17.5,28.58,-0.024,0.967,-0.031
ac1f09fffe044ddc,RAK5205-1,1621020953,256,ac1f09fffe0468cf,9.3,-63,867700000,5,47.8924,1.8947,132.9,4.21,57,1000.9,17.5,29.09,-0.033,0.97,-0.029
ac1f09fffe044ddc,RAK5205-1,1621020995,257,ac1f09fffe0468cf,9.8,-57,868300000,5,47.8924,1.8949,112.9,3.81,57,1001,17.5,30.35,-0.025,0.968,-0.028
ac1f09fffe044ddc,RAK5205-1,1621021043,258,ac1f09fffe0468cf,9.8,-59,868100000,5,47.8924,1.8948,123.8,4.21,57.5,1001,17.4,30.2,-0.022,0.964,-0.029
ac1f09fffe044ddc,RAK5205-1,1621021085,259,ac1f09fffe0468cf,9.3,-59,868100000,5,47.8922,1.8945,139,4.22,57.5,1001,17.4,30.75,-0.026,0.965,-0.026
ac1f09fffe044ddc,RAK5205-1,1621021141,260,ac1f09fffe0468cf,9.8,-62,867700000,5,47.8924,1.8947,123.6,3.81,57,1001,17.4,29.73,-0.026,0.97,-0.027
ac1f09fffe044ddc,RAK5205-1,1621021194,261,ac1f09fffe0468cf,10.3,-58,868300000,5,47.8924,1.8948,120.2,3.81,57,1001,17.4,29.34,-0.029,0.971,-0.03
ac1f09fffe044ddc,RAK5205-1,1621021235,262,ac1f09fffe0468cf,10.8,-61,867900000,5,47.8924,1.8949,106.3,3.81,57.5,1001,17.4,30.62,-0.026,0.966,-0.03
ac1f09fffe044ddc,RAK5205-1,1621021283,263,ac1f09fffe0468cf,9.3,-64,867900000,5,47.8925,1.8949,95,4.21,57,1001,17.4,30.16,-0.027,0.972,-0.032
ac1f09fffe044ddc,RAK5205-1,1621021325,264,ac1f09fffe0468cf,10.5,-63,867700000,5,47.8923,1.8948,108.2,4.21,57.5,1000.9,17.4,30.68,-0.028,0.961,-0.025
ac1f09fffe044ddc,RAK5205-1,1621021373,265,ac1f09fffe0468cf,9.8,-65,867700000,5,47.8925,1.895,127.4,4.21,57.5,1000.9,17.4,30.16,-0.023,0.965,-0.024
ac1f09fffe044ddc,RAK5205-1,1621021434,266,ac1f09fffe0468cf,9.8,-59,868100000,5,47.8923,1.8947,126.5,3.8,57,1000.9,17.4,29.11,-0.027,0.962,-0.027
ac1f09fffe044ddc,RAK5205-1,1621021475,267,ac1f09fffe0468cf,9.8,-57,868300000,5,47.8924,1.8949,139.3,3.81,57,1000.9,17.5,30.35,-0.026,0.971,-0.027
ac1f09fffe044ddc,RAK5205-1,1621021556,268,ac1f09fffe0468cf,10,-59,868100000,5,47.8923,1.8949,128.8,3.82,56.5,1000.9,17.5,27.37,-0.027,0.969,-0.023
ac1f09fffe044ddc,RAK5205-1,1621021595,269,ac1f09fffe0468cf,7,-63,867500000,5,47.8925,1.8949,128.4,4.21,57,1000.9,17.5,29.71,-0.024,0.972,-0.028
ac1f09fffe044ddc,RAK5205-1,1621021656,270,ac1f09fffe0468cf,9.8,-56,867900000,5,47.8924,1.8948,148.3,3.65,56.5,1000.9,17.5,28.52,-0.027,0.967,-0.027
ac1f09fffe044ddc,RAK5205-1,1621021710,271,ac1f09fffe0468cf,8,-55,868500000,5,47.8923,1.8946,149.8,3.82,57,1000.9,17.5,28.79,-0.029,0.974,-0.025
ac1f09fffe044ddc,RAK5205-1,1621021757,272,ac1f09fffe0468cf,9.3,-61,867900000,5,47.8924,1.8947,127.7,4.21,57,1000.9,17.5,29.36,-0.027,0.963,-0.031
ac1f09fffe044ddc,RAK5205-1,1621021806,273,ac1f09fffe0468cf,7.5,-61,867500000,5,47.8921,1.8944,219.4,4.22,57,1000.9,17.5,29.77,-0.029,0.965,-0.031
ac1f09fffe044ddc,RAK5205-1,1621021859,274,ac1f09fffe0468cf,10.5,-59,867900000,5,47.8924,1.8948,127.7,4.21,57,1000.9,17.5,29.34,-0.027,0.971,-0.026
ac1f09fffe044ddc,RAK5205-1,1621021895,275,ac1f09fffe0468cf,5.8,-63,867500000,5,47.8924,1.8949,116.9,4.21,57,1000.9,17.5,31.25,-0.043,0.965,-0.012
ac1f09fffe044ddc,RAK5205-1,1621021943,276,ac1f09fffe0468cf,9.5,-59,868100000,5,47.8924,1.8948,128.3,4.21,57,1000.9,17.4,30.84,-0.028,0.974,-0.024
ac1f09fffe044ddc,RAK5205-1,1621021985,277,ac1f09fffe0468cf,7.8,-58,867500000,5,47.8924,1.8947,109.8,3.82,57,1000.9,17.5,31.07,-0.028,0.968,-0.023
ac1f09fffe044ddc,RAK5205-1,1621022039,278,ac1f09fffe0468cf,8.8,-59,867900000,5,47.8925,1.8949,67.4,3.81,57,1000.9,17.4,30.07,-0.028,0.972,-0.023
ac1f09fffe044ddc,RAK5205-1,1621022075,279,ac1f09fffe0468cf,6,-57,868500000,5,47.8924,1.8948,101.4,4.21,57,1000.9,17.5,31.68,-0.031,0.97,-0.023
ac1f09fffe044ddc,RAK5205-1,1621022123,280,ac1f09fffe0468cf,10.3,-59,868100000,5,47.8924,1.895,108.2,4.21,57,1000.9,17.4,31.11,-0.028,0.968,-0.023
ac1f09fffe044ddc,RAK5205-1,1621022167,281,ac1f09fffe0468cf,7,-51,867700000,5,47.8924,1.8948,128.1,3.82,57,1000.9,17.4,31.23,-0.023,0.97,-0.017
ac1f09fffe044ddc,RAK5205-1,1621022221,282,ac1f09fffe0468cf,7.8,-58,868500000,5,47.8924,1.8949,128.7,4.22,57,1000.9,17.4,30.13,-0.022,0.971,-0.024
ac1f09fffe044ddc,RAK5205-1,1621022280,283,ac1f09fffe0468cf,9.5,-58,868100000,5,47.8927,1.8952,113.6,4.2,57,1000.9,17.4,29.46,-0.026,0.97,-0.02
ac1f09fffe044ddc,RAK5205-1,1621022333,284,ac1f09fffe0468cf,9.5,-58,868100000,5,47.8923,1.8946,128.2,3.81,57,1001,17.5,29.36,-0.028,0.972,-0.025
ac1f09fffe044ddc,RAK5205-1,1621022379,285,ac1f09fffe0468cf,8,-61,867500000,5,47.892,1.8943,284.5,3.82,57,1001,17.5,30.07,-0.027,0.974,-0.029
ac1f09fffe044ddc,RAK5205-1,1621022429,286,ac1f09fffe0468cf,7.5,-61,867500000,5,47.8924,1.8948,128,4.21,57,1001,17.4,29.94,-0.026,0.968,-0.029
ac1f09fffe044ddc,RAK5205-1,1621022465,287,ac1f09fffe0468cf,8,-55,868500000,5,47.8923,1.8947,128.6,3.81,57,1001,17.4,31.56,-0.029,0.969,-0.029
ac1f09fffe044ddc,RAK5205-1,1621022519,288,ac1f09fffe0468cf,9,-59,868100000,5,47.8923,1.8947,129.2,4.21,57,1001,17.4,30.16,-0.026,0.968,-0.023
ac1f09fffe044ddc,RAK5205-1,1621022555,289,ac1f09fffe0468cf,10.8,-58,868300000,5,47.8924,1.8949,130.1,3.81,57.5,1001,17.4,31.63,-0.025,0.966,-0.027
ac1f09fffe044ddc,RAK5205-1,1621022605,290,ac1f09fffe0468cf,9.8,-58,868300000,5,47.8926,1.8951,41,4.21,57.5,1001,17.4,30.57,-0.025,0.97,-0.031
ac1f09fffe044ddc,RAK5205-1,1621022650,291,ac1f09fffe0468cf,7.3,-56,868500000,5,47.8923,1.8947,170.9,3.81,57.5,1001,17.4,30.73,-0.028,0.97,-0.028
ac1f09fffe044ddc,RAK5205-1,1621022709,292,ac1f09fffe0468cf,9.8,-61,868100000,5,47.8922,1.8947,249,3.82,57,1001,17.4,29.31,-0.028,0.967,-0.024
ac1f09fffe044ddc,RAK5205-1,1621022761,293,ac1f09fffe0468cf,9.5,-59,867700000,5,47.8924,1.8948,128.8,3.83,57,1001,17.4,29.67,-0.031,0.97,-0.029
ac1f09fffe044ddc,RAK5205-1,1621022815,294,ac1f09fffe0468cf,10.3,-58,867700000,5,47.8921,1.8946,127.8,3.65,57.5,1000.9,17.4,29.4,-0.026,0.969,-0.029
ac1f09fffe044ddc,RAK5205-1,1621022875,295,ac1f09fffe0468cf,9.8,-59,867900000,5,47.8924,1.8949,128.4,3.82,57,1000.9,17.4,28.68,-0.028,0.965,-0.023
ac1f09fffe044ddc,RAK5205-1,1621022915,296,ac1f09fffe0468cf,10.3,-59,867900000,5,47.892,1.8944,127.9,4.21,57,1000.9,17.5,30.42,-0.036,0.974,-0.048
ac1f09fffe044ddc,RAK5205-1,1621022966,297,ac1f09fffe0468cf,8.8,-58,867700000,5,47.8926,1.8951,126.9,4.21,57,1000.9,17.4,29.96,-0.026,0.972,-0.022
ac1f09fffe044ddc,RAK5205-1,1621023005,298,ac1f09fffe0468cf,9.5,-59,868100000,5,47.8923,1.8949,128.2,3.82,57.5,1000.9,17.4,31.28,-0.024,0.968,-0.022
ac1f09fffe044ddc,RAK5205-1,1621023053,299,ac1f09fffe0468cf,10,-59,868100000,5,47.8924,1.8948,105.1,4.22,57.5,1001,17.4,30.73,-0.026,0.965,-0.02
ac1f09fffe044ddc,RAK5205-1,1621023095,300,ac1f09fffe0468cf,8.8,-59,867700000,5,47.8924,1.8948,113.9,3.81,57.5,1001,17.4,31.07,-0.027,0.972,-0.024
ac1f09fffe044ddc,RAK5205-1,1621023150,301,ac1f09fffe0468cf,7.5,-61,867500000,5,47.8924,1.8948,112.7,4.21,57.5,1001,17.4,30.01,-0.024,0.967,-0.028
ac1f09fffe044ddc,RAK5205-1,1621023204,302,ac1f09fffe0468cf,8,-57,868500000,5,47.8924,1.8946,91.6,4.21,57,1001,17.4,29.73,-0.024,0.97,-0.024
ac1f09fffe044ddc,RAK5205-1,1621023250,303,ac1f09fffe0468cf,9.3,-59,867900000,5,47.8926,1.8957,126,3.81,57.5,1000.9,17.4,30.09,-0.031,0.973,-0.024
ac1f09fffe044ddc,RAK5205-1,1621023299,304,ac1f09fffe0468cf,10.8,-59,868100000,5,47.8924,1.8946,109.8,3.81,57.5,1001,17.4,30.11,-0.027,0.968,-0.024
ac1f09fffe044ddc,RAK5205-1,1621023335,305,ac1f09fffe0468cf,10,-59,868100000,5,47.8924,1.8948,118.7,3.81,57.5,1001,17.4,31.89,-0.029,0.967,-0.027
ac1f09fffe044ddc,RAK5205-1,1621023388,306,ac1f09fffe0468cf,6.8,-57,868500000,5,47.8924,1.8951,125.4,4.21,57.5,1001,17.3,30.37,-0.03,0.967,-0.023
ac1f09fffe044ddc,RAK5205-1,1621023431,307,ac1f09fffe0468cf,9.3,-59,868100000,5,47.8925,1.8953,126.7,3.81,57.5,1001,17.4,30.95,-0.028,0.967,-0.024
ac1f09fffe044ddc,RAK5205-1,1621023486,308,ac1f09fffe0468cf,10,-57,868300000,5,47.8925,1.8949,110,4.21,57.5,1000.9,17.3,29.98,-0.031,0.968,-0.029
ac1f09fffe044ddc,RAK5205-1,1621023544,309,ac1f09fffe0468cf,7.3,-62,867500000,5,47.8924,1.8949,117.7,3.81,57.5,1000.9,17.4,29.15,-0.024,0.97,-0.024
ac1f09fffe044ddc,RAK5205-1,1621023593,310,ac1f09fffe0468cf,11,-59,868100000,5,47.8924,1.8947,128.8,3.81,57.5,1000.9,17.4,29.6,-0.024,0.967,-0.025
ac1f09fffe044ddc,RAK5205-1,1621023638,311,ac1f09fffe0468cf,9.8,-55,868300000,5,47.8926,1.8955,125.4,4.21,57.5,1000.9,17.4,30.35,-0.025,0.97,-0.029
ac1f09fffe044ddc,RAK5205-1,1621023689,312,ac1f09fffe0468cf,9,-57,867900000,5,47.8924,1.8948,106.5,4.21,57.5,1000.9,17.3,30.01,-0.026,0.969,-0.03
ac1f09fffe044ddc,RAK5205-1,1621023725,313,ac1f09fffe0468cf,7.5,-57,868500000,5,47.8924,1.8949,121.7,4.21,57.5,1000.9,17.3,31.49,-0.026,0.97,-0.027
ac1f09fffe044ddc,RAK5205-1,1621023773,314,ac1f09fffe0468cf,10.3,-59,867700000,5,47.8925,1.8949,89.8,3.81,57.5,1000.9,17.3,30.73,-0.029,0.968,-0.023
ac1f09fffe044ddc,RAK5205-1,1621023815,315,ac1f09fffe0468cf,9.8,-57,868300000,5,47.8925,1.8949,93.3,3.81,57.5,1000.9,17.3,31.23,-0.027,0.968,-0.032
ac1f09fffe044ddc,RAK5205-1,1621023863,316,ac1f09fffe0468cf,7.8,-58,867500000,5,47.8925,1.8949,109.8,3.81,58,1000.9,17.3,30.51,-0.029,0.969,-0.028
ac1f09fffe044ddc,RAK5205-1,1621023905,317,ac1f09fffe0468cf,7.5,-56,868500000,5,47.8925,1.8949,99,3.81,58,1000.9,17.3,31.28,-0.026,0.97,-0.029
ac1f09fffe044ddc,RAK5205-1,1621023953,318,ac1f09fffe0468cf,8,-55,868500000,5,47.8925,1.8949,102.5,3.81,58,1000.9,17.3,30.64,-0.024,0.97,-0.031
ac1f09fffe044ddc,RAK5205-1,1621023995,319,ac1f09fffe0468cf,9.3,-58,867900000,5,47.8924,1.895,112.2,4.21,58,1000.9,17.2,31.11,-0.029,0.966,-0.03
ac1f09fffe044ddc,RAK5205-1,1621024043,320,ac1f09fffe0468cf,7.8,-58,867500000,5,47.8924,1.8949,143.2,4.21,58,1000.9,17.2,30.68,-0.025,0.97,-0.023
ac1f09fffe044ddc,RAK5205-1,1621024085,321,ac1f09fffe0468cf,10,-59,868100000,5,47.8925,1.8949,110,3.81,58,1000.9,17.3,31.14,-0.025,0.973,-0.021
ac1f09fffe044ddc,RAK5205-1,1621024133,322,ac1f09fffe0468cf,10,-57,868300000,5,47.8925,1.8949,110,4.21,57.5,1000.9,17.3,30.89,-0.027,0.968,-0.026
ac1f09fffe044ddc,RAK5205-1,1621024175,323,ac1f09fffe0468cf,9.5,-59,867700000,5,47.8924,1.8948,136.9,3.82,57.5,1000.9,17.3,31.42,-0.028,0.966,-0.025
ac1f09fffe044ddc,RAK5205-1,1621024223,324,ac1f09fffe0468cf,10.8,-59,867900000,5,47.8924,1.8949,127.6,3.81,57.5,1000.9,17.3,31,-0.027,0.967,-0.033
ac1f09fffe044ddc,RAK5205-1,1621024265,325,ac1f09fffe0468cf,9,-58,867700000,5,47.8924,1.8948,137.5,3.81,57.5,1000.9,17.2,31.46,-0.029,0.969,-0.022
ac1f09fffe044ddc,RAK5205-1,1621024319,326,ac1f09fffe0468cf,9.8,-59,867900000,5,47.8924,1.8949,111,3.82,57.5,1000.9,17.3,30.2,-0.022,0.97,-0.034
ac1f09fffe044ddc,RAK5205-1,1621024355,327,ac1f09fffe0468cf,8.3,-57,867700000,5,47.8924,1.8948,153,4.21,58,1001,17.3,32.09,-0.028,0.971,-0.031
ac1f09fffe044ddc,RAK5205-1,1621024403,328,ac1f09fffe0468cf,8.8,-58,868100000,5,47.8924,1.8949,148.2,3.81,57.5,1001,17.2,31.02,-0.029,0.97,-0.023
ac1f09fffe044ddc,RAK5205-1,1621024463,329,ac1f09fffe0468cf,10.5,-59,867700000,5,47.8924,1.8948,128.9,3.82,57.5,1001,17.3,29.5,-0.03,0.972,-0.026
ac1f09fffe044ddc,RAK5205-1,1621024505,330,ac1f09fffe0468cf,8.5,-57,868100000,5,47.8924,1.8948,122.2,3.82,58,1001,17.3,30.66,-0.026,0.972,-0.028
ac1f09fffe044ddc,RAK5205-1,1621024555,331,ac1f09fffe0468cf,11,-57,868300000,5,47.8924,1.8949,127.8,3.81,58,1001.1,17.2,30.05,-0.026,0.971,-0.025
ac1f09fffe044ddc,RAK5205-1,1621024595,332,ac1f09fffe0468cf,6.3,-57,867500000,5,47.8924,1.8949,135,4.21,58,1001.1,17.2,31,-0.024,0.97,-0.026
ac1f09fffe044ddc,RAK5205-1,1621024645,333,ac1f09fffe0468cf,10,-55,868300000,5,47.8924,1.895,127,4.21,58,1001.1,17.2,30.24,-0.025,0.967,-0.028
ac1f09fffe044ddc,RAK5205-1,1621024687,334,ac1f09fffe0468cf,10.3,-57,868300000,5,47.8924,1.8948,126.9,3.81,58,1001.1,17.2,30.98,-0.027,0.969,-0.025
ac1f09fffe044ddc,RAK5205-1,1621024740,335,ac1f09fffe0468cf,7.5,-59,867500000,5,47.8924,1.8947,120.1,4.21,58,1001.1,17.2,29.88,-0.027,0.97,-0.027
ac1f09fffe044ddc,RAK5205-1,1621024777,336,ac1f09fffe0468cf,10.5,-59,867900000,5,47.8923,1.8943,127.6,4.21,58,1001.1,17.2,31.63,-0.026,0.966,-0.023
ac1f09fffe044ddc,RAK5205-1,1621024831,337,ac1f09fffe0468cf,10.3,-59,868100000,5,47.8923,1.8945,127,3.81,58,1001.1,17.2,30.2,-0.024,0.968,-0.025
ac1f09fffe044ddc,RAK5205-1,1621024885,338,ac1f09fffe0468cf,9.8,-59,867700000,5,47.8924,1.8951,127.5,3.81,58,1001.1,17.2,29.52,-0.028,0.97,-0.022
ac1f09fffe044ddc,RAK5205-1,1621024925,339,ac1f09fffe0468cf,7.3,-59,867500000,5,47.8924,1.8948,122.7,3.81,58,1001.1,17.2,30.59,-0.028,0.967,-0.029
ac1f09fffe044ddc,RAK5205-1,1621024975,340,ac1f09fffe0468cf,8.5,-54,868300000,5,47.8924,1.8947,127.6,3.81,58,1001.1,17.2,29.81,-0.025,0.969,-0.025
ac1f09fffe044ddc,RAK5205-1,1621025016,341,ac1f09fffe0468cf,11.3,-59,867700000,5,47.8924,1.8949,132.9,4.21,58,1001.1,17.2,30.62,-0.023,0.966,-0.024
ac1f09fffe044ddc,RAK5205-1,1621025069,342,ac1f09fffe0468cf,10.3,-57,868300000,5,47.8924,1.8948,128,4.22,58,1001.1,17.2,29.69,-0.029,0.966,-0.028
ac1f09fffe044ddc,RAK5205-1,1621025109,343,ac1f09fffe0468cf,8.3,-59,867700000,5,47.8925,1.8951,113.9,3.81,58,1001.1,17.2,30.84,-0.025,0.97,-0.027
ac1f09fffe044ddc,RAK5205-1,1621025159,344,ac1f09fffe0468cf,9.3,-58,868100000,5,47.8925,1.8949,128.6,3.81,58,1001,17.2,29.94,-0.029,0.968,-0.026
ac1f09fffe044ddc,RAK5205-1,1621025197,345,ac1f09fffe0468cf,10.5,-59,868100000,5,47.8924,1.8948,127.2,4.21,58,1001,17.2,31.09,-0.029,0.969,-0.022
ac1f09fffe044ddc,RAK5205-1,1621025250,346,ac1f09fffe0468cf,9.8,-57,868300000,5,47.8925,1.8949,105.8,3.81,58,1001,17.1,29.73,-0.024,0.967,-0.023
ac1f09fffe044ddc,RAK5205-1,1621025285,347,ac1f09fffe0468cf,9,-57,868100000,5,47.8925,1.8949,125.3,4.21,58.5,1001,17.2,31.44,-0.024,0.968,-0.024
ac1f09fffe044ddc,RAK5205-1,1621025335,348,ac1f09fffe0468cf,7.8,-56,868500000,5,47.8925,1.8949,127.6,3.82,58,1001,17.1,30.35,-0.023,0.968,-0.022
ac1f09fffe044ddc,RAK5205-1,1621025377,349,ac1f09fffe0468cf,9.8,-55,868300000,5,47.8925,1.895,128,4.02,58,1001,17.2,30.86,-0.025,0.969,-0.023
ac1f09fffe044ddc,RAK5205-1,1621025460,350,ac1f09fffe0468cf,7.8,-58,867500000,5,47.8925,1.895,68.3,4.21,57.5,1001,17.2,27.44,-0.027,0.967,-0.061
ac1f09fffe044ddc,RAK5205-1,1621025497,351,ac1f09fffe0468cf,11.3,-59,868100000,5,47.8925,1.8949,127.3,3.82,58,1001,17.2,30.01,-0.03,0.969,-0.025
ac1f09fffe044ddc,RAK5205-1,1621025549,352,ac1f09fffe0468cf,9.5,-59,867700000,5,47.8925,1.8951,67.4,3.81,58,1000.9,17.2,29.25,-0.027,0.969,-0.025
ac1f09fffe044ddc,RAK5205-1,1621025587,353,ac1f09fffe0468cf,10.3,-58,868100000,5,47.8924,1.8948,127.9,3.81,58,1001,17.2,30.73,-0.026,0.972,-0.035
ac1f09fffe044ddc,RAK5205-1,1621025641,354,ac1f09fffe0468cf,7.5,-61,867500000,5,47.8925,1.8949,127.2,4.21,58,1000.9,17.1,29.36,-0.024,0.968,-0.02
ac1f09fffe044ddc,RAK5205-1,1621025695,355,ac1f09fffe0468cf,9.3,-58,867700000,5,47.8925,1.895,129.3,4.02,58,1001,17.2,28.85,-0.031,0.972,-0.028
ac1f09fffe044ddc,RAK5205-1,1621025735,356,ac1f09fffe0468cf,9.5,-59,867900000,5,47.8925,1.8951,121.6,4.21,58,1001,17.2,30.18,-0.029,0.968,-0.022
ac1f09fffe044ddc,RAK5205-1,1621025785,357,ac1f09fffe0468cf,8.5,-57,867700000,5,47.8923,1.8946,128,4.21,58,1001,17.1,29.42,-0.026,0.967,-0.03
ac1f09fffe044ddc,RAK5205-1,1621025825,358,ac1f09fffe0468cf,9.5,-57,868100000,5,47.8924,1.8949,118.7,4.21,58,1001,17.1,30.55,-0.022,0.969,-0.026
ac1f09fffe044ddc,RAK5205-1,1621025875,359,ac1f09fffe0468cf,9.5,-58,867900000,5,47.8924,1.8948,127.6,3.81,58,1001,17.1,29.79,-0.024,0.971,-0.034
ac1f09fffe044ddc,RAK5205-1,1621025917,360,ac1f09fffe0468cf,6.8,-58,867500000,5,47.8925,1.8948,127.4,3.81,58,1001,17.1,30.42,-0.025,0.965,-0.029
ac1f09fffe044ddc,RAK5205-1,1621025971,361,ac1f09fffe0468cf,9.5,-58,867700000,5,47.8923,1.8946,127.1,3.83,58,1001,17.1,29.52,-0.032,0.969,-0.026
ac1f09fffe044ddc,RAK5205-1,1621026036,362,ac1f09fffe0468cf,7.3,-53,867500000,5,47.8923,1.8948,75.3,4.21,57.5,1001,17.2,28.1,-0.028,0.965,-0.019
ac1f09fffe044ddc,RAK5205-1,1621026083,363,ac1f09fffe0468cf,10.5,-58,867900000,5,47.8925,1.8948,126.8,3.81,57.5,1001,17.2,29.07,-0.027,0.97,-0.03
ac1f09fffe044ddc,RAK5205-1,1621026125,364,ac1f09fffe0468cf,11,-59,867700000,5,47.8925,1.8948,111.3,3.82,58,1001,17.2,29.92,-0.027,0.97,-0.018
ac1f09fffe044ddc,RAK5205-1,1621026173,365,ac1f09fffe0468cf,7.3,-55,867500000,5,47.8924,1.8946,179.9,3.81,57.5,1001.1,17.2,29.65,-0.026,0.968,-0.023
ac1f09fffe044ddc,RAK5205-1,1621026215,366,ac1f09fffe0468cf,10,-59,867900000,5,47.8924,1.895,124,4.21,58,1001,17.2,30.37,-0.026,0.967,-0.022
ac1f09fffe044ddc,RAK5205-1,1621026263,367,ac1f09fffe0468cf,8.5,-57,867700000,5,47.8924,1.8948,128.1,4.21,58,1001.1,17.1,30.01,-0.024,0.972,-0.032
ac1f09fffe044ddc,RAK5205-1,1621026305,368,ac1f09fffe0468cf,6.8,-55,867500000,5,47.8925,1.8947,137.2,4.21,58,1001.1,17.1,30.46,-0.022,0.968,-0.024
ac1f09fffe044ddc,RAK5205-1,1621026355,369,ac1f09fffe0468cf,10,-57,868300000,5,47.8925,1.8951,104.1,4.21,58,1001.1,17.1,29.67,-0.025,0.965,-0.024
ac1f09fffe044ddc,RAK5205-1,1621026395,370,ac1f09fffe0468cf,8.8,-59,868100000,5,47.8923,1.8946,158.3,3.81,58,1001.1,17.1,30.35,-0.026,0.964,-0.021
ac1f09fffe044ddc,RAK5205-1,1621026443,371,ac1f09fffe0468cf,7,-62,867500000,5,47.8923,1.8948,125.9,3.82,58,1001.1,17.1,29.94,-0.023,0.97,-0.025
ac1f09fffe044ddc,RAK5205-1,1621026485,372,ac1f09fffe0468cf,7.5,-56,868500000,5,47.8923,1.8945,132.6,3.81,58,1001.1,17.1,30.53,-0.026,0.964,-0.021
ac1f09fffe044ddc,RAK5205-1,1621026533,373,ac1f09fffe0468cf,10.3,-59,867700000,5,47.8924,1.8949,100.9,3.82,58,1001,17.1,29.88,-0.026,0.969,-0.025
ac1f09fffe044ddc,RAK5205-1,1621026575,374,ac1f09fffe0468cf,9.3,-59,867700000,5,47.8924,1.8948,132.4,4.21,58,1001,17.1,30.4,-0.024,0.97,-0.029
ac1f09fffe044ddc,RAK5205-1,1621026623,375,ac1f09fffe0468cf,9.3,-55,868300000,5,47.8924,1.8949,109.7,3.82,58,1001,17.1,29.71,-0.028,0.969,-0.023
ac1f09fffe044ddc,RAK5205-1,1621026665,376,ac1f09fffe0468cf,7.3,-57,868500000,5,47.8925,1.8947,144.4,3.81,58,1001,17,30.29,-0.026,0.965,-0.022
ac1f09fffe044ddc,RAK5205-1,1621026713,377,ac1f09fffe0468cf,7.8,-56,868500000,5,47.8923,1.8947,126.3,3.82,58,1001,16.9,29.67,-0.023,0.97,-0.026
ac1f09fffe044ddc,RAK5205-1,1621026755,378,ac1f09fffe0468cf,10,-58,867700000,5,47.8923,1.8946,108.7,3.81,58,1001.1,17,30.37,-0.027,0.967,-0.029
ac1f09fffe044ddc,RAK5205-1,1621026803,379,ac1f09fffe0468cf,9.5,-59,868100000,5,47.8923,1.8947,114.1,3.81,58,1001.1,17,29.94,-0.027,0.967,-0.026
ac1f09fffe044ddc,RAK5205-1,1621026845,380,ac1f09fffe0468cf,7.3,-57,868500000,5,47.8925,1.8951,92.1,3.82,58,1001.1,17,30.51,-0.025,0.97,-0.024
ac1f09fffe044ddc,RAK5205-1,1621026893,381,ac1f09fffe0468cf,9,-57,868100000,5,47.8924,1.8948,119.4,4.21,58,1001.1,17,29.69,-0.027,0.968,-0.026
ac1f09fffe044ddc,RAK5205-1,1621026935,382,ac1f09fffe0468cf,10.8,-59,868100000,5,47.8925,1.8949,116.8,3.81,58.5,1001.2,16.9,30.33,-0.026,0.969,-0.034
ac1f09fffe044ddc,RAK5205-1,1621026983,383,ac1f09fffe0468cf,10,-61,867900000,5,47.8925,1.8951,69.3,4.21,58.5,1001.2,16.9,30.03,-0.028,0.967,-0.028
ac1f09fffe044ddc,RAK5205-1,1621027025,384,ac1f09fffe0468cf,9,-59,867700000,5,47.8925,1.8949,91.7,4.21,58.5,1001.2,16.9,30.42,-0.025,0.972,-0.028
ac1f09fffe044ddc,RAK5205-1,1621027073,385,ac1f09fffe0468cf,10.3,-59,867900000,5,47.8925,1.895,87.9,3.81,58.5,1001.2,16.9,29.86,-0.024,0.969,-0.024
ac1f09fffe044ddc,RAK5205-1,1621027115,386,ac1f09fffe0468cf,7.3,-57,867500000,5,47.8925,1.8949,98,4.21,58.5,1001.2,16.8,30.29,-0.027,0.97,-0.033
ac1f09fffe044ddc,RAK5205-1,1621027163,387,ac1f09fffe0468cf,10.3,-55,868300000,5,47.8926,1.8951,89.2,4.21,58.5,1001.2,16.8,29.94,-0.028,0.965,-0.025
ac1f09fffe044ddc,RAK5205-1,1621027206,388,ac1f09fffe0468cf,9.3,-59,867900000,5,47.8925,1.8949,129.7,3.81,58.5,1001.2,16.8,30.26,-0.028,0.971,-0.027
ac1f09fffe044ddc,RAK5205-1,1621027259,389,ac1f09fffe0468cf,9.8,-58,867700000,5,47.8924,1.8942,158.3,4.21,58.5,1001.2,16.9,29.21,-0.028,0.969,-0.024
ac1f09fffe044ddc,RAK5205-1,1621027295,390,ac1f09fffe0468cf,9.8,-59,867700000,5,47.8925,1.8951,89.1,4.21,58.5,1001.2,16.8,30.84,-0.028,0.97,-0.027
ac1f09fffe044ddc,RAK5205-1,1621027349,391,ac1f09fffe0468cf,8.5,-58,867700000,5,47.8925,1.8955,65,3.81,58.5,1001.2,16.8,29.4,-0.024,0.968,-0.028
ac1f09fffe044ddc,RAK5205-1,1621027385,392,ac1f09fffe0468cf,10,-58,868100000,5,47.8928,1.8949,167749.66,4.21,58.5,1001.2,16.9,31.09,-0.021,0.971,-0.026
ac1f09fffe044ddc,RAK5205-1,1621027433,393,ac1f09fffe0468cf,9.8,-55,868300000,5,47.8925,1.8945,128.8,4.21,58.5,1001.2,16.9,29.92,-0.03,0.97,-0.03
ac1f09fffe044ddc,RAK5205-1,1621027475,394,ac1f09fffe0468cf,7.8,-56,867500000,5,47.8925,1.8945,151.5,3.81,58.5,1001.2,16.9,30.66,-0.023,0.97,-0.022
ac1f09fffe044ddc,RAK5205-1,1621027529,395,ac1f09fffe0468cf,10,-59,867900000,5,47.8925,1.895,97.6,3.81,58,1001.2,16.9,29.58,-0.028,0.966,-0.024
ac1f09fffe044ddc,RAK5205-1,1621027565,396,ac1f09fffe0468cf,9.8,-59,867700000,5,47.8925,1.895,113.2,3.8,58.5,1001.2,16.9,31.37,-0.024,0.968,-0.028
ac1f09fffe044ddc,RAK5205-1,1621027613,397,ac1f09fffe0468cf,8.8,-57,867700000,5,47.8924,1.8944,162.3,4.22,58,1001.1,16.9,30.46,-0.024,0.967,-0.027
ac1f09fffe044ddc,RAK5205-1,1621027655,398,ac1f09fffe0468cf,7.3,-58,867500000,5,47.8924,1.8941,175.8,3.81,58.5,1001.1,16.9,30.75,-0.026,0.968,-0.031
ac1f09fffe044ddc,RAK5205-1,1621027704,399,ac1f09fffe0468cf,9.5,-59,868100000,5,47.8924,1.8946,167.3,4.21,58.5,1001.1,16.9,29.98,-0.024,0.966,-0.023
ac1f09fffe044ddc,RAK5205-1,1621027748,400,ac1f09fffe0468cf,9.8,-59,867900000,5,47.8926,1.8954,47.8,4.21,58.5,1001.1,16.9,30.22,-0.027,0.968,-0.031
ac1f09fffe044ddc,RAK5205-1,1621027805,401,ac1f09fffe0468cf,8,-56,868500000,5,47.8924,1.8947,142.7,4.21,58,1001.1,16.9,29.01,-0.025,0.969,-0.022
ac1f09fffe044ddc,RAK5205-1,1621027853,402,ac1f09fffe0468cf,7.8,-58,867500000,5,47.8924,1.8942,173.3,3.81,58,1001.1,17,29.48,-0.026,0.968,-0.025
ac1f09fffe044ddc,RAK5205-1,1621027895,403,ac1f09fffe0468cf,8.3,-57,868500000,5,47.8923,1.8941,165,4.2,58,1001.2,17,30.35,-0.023,0.972,-0.029
ac1f09fffe044ddc,RAK5205-1,1621027943,404,ac1f09fffe0468cf,9.8,-55,868300000,5,47.8924,1.8946,126.8,4.21,58,1001.2,16.9,29.86,-0.023,0.968,-0.026
ac1f09fffe044ddc,RAK5205-1,1621027985,405,ac1f09fffe0468cf,9.3,-58,868100000,5,47.8925,1.8948,114.2,3.81,58,1001.2,16.9,30.64,-0.029,0.972,-0.024
ac1f09fffe044ddc,RAK5205-1,1621028033,406,ac1f09fffe0468cf,9,-57,867700000,5,47.8925,1.8947,126,3.81,58,1001.2,16.9,29.81,-0.024,0.967,-0.03
ac1f09fffe044ddc,RAK5205-1,1621028075,407,ac1f09fffe0468cf,7,-58,867500000,5,47.8925,1.8949,117.2,4.22,58.5,1001.2,16.9,30.51,-0.029,0.968,-0.022
ac1f09fffe044ddc,RAK5205-1,1621028123,408,ac1f09fffe0468cf,9.3,-56,868300000,5,47.8924,1.8946,127.3,4.22,58.5,1001.2,16.9,29.96,-0.026,0.969,-0.024
ac1f09fffe044ddc,RAK5205-1,1621028165,409,ac1f09fffe0468cf,10.5,-57,868300000,5,47.8924,1.8945,126,4.21,58.5,1001.2,16.9,30.42,-0.024,0.971,-0.028
ac1f09fffe044ddc,RAK5205-1,1621028219,410,ac1f09fffe0468cf,7.3,-54,868500000,5,47.8925,1.8948,112.1,3.81,58.5,1001.2,16.9,29.31,-0.03,0.969,-0.03
ac1f09fffe044ddc,RAK5205-1,1621028275,411,ac1f09fffe0468cf,7.3,-57,868500000,5,47.8927,1.8952,125.6,3.81,58,1001.2,16.9,28.64,-0.027,0.97,-0.029
ac1f09fffe044ddc,RAK5205-1,1621028333,412,ac1f09fffe0468cf,9.5,-58,868100000,5,47.8924,1.8948,102.8,3.81,58,1001.1,16.9,28.06,-0.026,0.969,-0.023
ac1f09fffe044ddc,RAK5205-1,1621028375,413,ac1f09fffe0468cf,7,-56,868500000,5,47.8925,1.895,96.4,4.2,58.5,1001.1,16.9,29.52,-0.029,0.965,-0.025
ac1f09fffe044ddc,RAK5205-1,1621028423,414,ac1f09fffe0468cf,8.5,-56,868500000,5,47.8926,1.8952,81.5,4.21,58.5,1001.1,16.8,29.34,-0.026,0.973,-0.025
ac1f09fffe044ddc,RAK5205-1,1621028465,415,ac1f09fffe0468cf,7.3,-59,867500000,5,47.8924,1.8949,126.7,4.21,58.5,1001.1,16.8,29.94,-0.025,0.969,-0.027
ac1f09fffe044ddc,RAK5205-1,1621028513,416,ac1f09fffe0468cf,7,-57,867500000,5,47.8926,1.8951,85.7,4.21,58.5,1001.2,16.8,29.67,-0.028,0.971,-0.021
ac1f09fffe044ddc,RAK5205-1,1621028555,417,ac1f09fffe0468cf,8.5,-57,868300000,5,47.8924,1.8943,159.3,3.81,58.5,1001.1,16.8,30.35,-0.023,0.967,-0.023
ac1f09fffe044ddc,RAK5205-1,1621028603,418,ac1f09fffe0468cf,7.5,-56,868500000,5,47.8925,1.8948,126.3,3.81,58.5,1001.1,16.8,29.71,-0.025,0.968,-0.019
ac1f09fffe044ddc,RAK5205-1,1621028645,419,ac1f09fffe0468cf,10.5,-58,868100000,5,47.8926,1.895,81.2,3.82,59,1001.1,16.8,30.53,-0.021,0.964,-0.024
ac1f09fffe044ddc,RAK5205-1,1621028693,420,ac1f09fffe0468cf,8.3,-57,868500000,5,47.8926,1.8952,77,4.21,58.5,1001.1,16.8,30.03,-0.028,0.968,-0.033
ac1f09fffe044ddc,RAK5205-1,1621028735,421,ac1f09fffe0468cf,8,-56,868500000,5,47.8924,1.895,111,3.81,58.5,1001.1,16.7,30.44,-0.022,0.974,-0.022
ac1f09fffe044ddc,RAK5205-1,1621028783,422,ac1f09fffe0468cf,9.3,-58,867700000,5,47.8926,1.8955,53.9,3.81,59,1001.1,16.7,30.13,-0.026,0.972,-0.026
ac1f09fffe044ddc,RAK5205-1,1621028825,423,ac1f09fffe0468cf,7.5,-58,867500000,5,47.8925,1.895,98,4.21,59,1001.1,16.7,30.73,-0.022,0.967,-0.026
ac1f09fffe044ddc,RAK5205-1,1621028879,424,ac1f09fffe0468cf,8.5,-56,868300000,5,47.8923,1.895,132.6,4.21,58.5,1001,16.7,29.54,-0.026,0.973,-0.026
ac1f09fffe044ddc,RAK5205-1,1621028915,425,ac1f09fffe0468cf,9.8,-57,868100000,5,47.8924,1.8948,116.5,4.21,59,1001,16.7,31,-0.024,0.971,-0.026
ac1f09fffe044ddc,RAK5205-1,1621028963,426,ac1f09fffe0468cf,10.3,-59,867700000,5,47.8923,1.8949,127.6,3.82,59,1001,16.7,30.24,-0.028,0.969,-0.027
ac1f09fffe044ddc,RAK5205-1,1621029024,427,ac1f09fffe0468cf,7.8,-57,867500000,5,47.8926,1.8949,82.5,4.21,58.5,1001,16.7,28.54,-0.024,0.973,-0.031
ac1f09fffe044ddc,RAK5205-1,1621029065,428,ac1f09fffe0468cf,9.3,-57,867700000,5,47.8926,1.8955,54,3.81,59,1001,16.7,29.96,-0.025,0.969,-0.027
ac1f09fffe044ddc,RAK5205-1,1621029120,429,ac1f09fffe0468cf,6.5,-58,867500000,5,47.8924,1.8948,109,3.81,59,1001,16.6,28.95,-0.03,0.969,-0.026
ac1f09fffe044ddc,RAK5205-1,1621029155,430,ac1f09fffe0468cf,10.3,-59,867900000,5,47.8926,1.8951,76.6,4.21,59,1001,16.7,30.89,-0.028,0.971,-0.031
ac1f09fffe044ddc,RAK5205-1,1621029203,431,ac1f09fffe0468cf,7.3,-57,867500000,5,47.8925,1.895,89.1,4.21,59,1001,16.6,29.98,-0.023,0.968,-0.024
ac1f09fffe044ddc,RAK5205-1,1621029245,432,ac1f09fffe0468cf,9.5,-59,868100000,5,47.8926,1.8951,84.6,4.21,59,1001,16.5,30.42,-0.026,0.971,-0.026
ac1f09fffe044ddc,RAK5205-1,1621029294,433,ac1f09fffe0468cf,9.8,-58,867900000,5,47.8926,1.8953,72.1,3.81,59,1001,16.5,29.9,-0.025,0.964,-0.021
ac1f09fffe044ddc,RAK5205-1,1621029335,434,ac1f09fffe0468cf,9.8,-59,867900000,5,47.8926,1.8953,66.8,4.21,59,1001,16.6,30.51,-0.028,0.966,-0.022
ac1f09fffe044ddc,RAK5205-1,1621029383,435,ac1f09fffe0468cf,7.5,-59,867500000,5,47.8923,1.8944,147.8,4.21,59,1001,16.6,29.98,-0.025,0.971,-0.029
ac1f09fffe044ddc,RAK5205-1,1621029425,436,ac1f09fffe0468cf,9.8,-56,868300000,5,47.8926,1.8954,76.1,3.81,59,1001,16.6,30.68,-0.028,0.969,-0.027
ac1f09fffe044ddc,RAK5205-1,1621029480,437,ac1f09fffe0468cf,10.5,-58,868100000,5,47.8924,1.8949,113.7,3.65,59,1000.9,16.6,29.15,-0.023,0.972,-0.024
ac1f09fffe044ddc,RAK5205-1,1621029515,438,ac1f09fffe0468cf,9.8,-58,868100000,5,47.8923,1.8948,128,3.81,59,1001,16.6,31.18,-0.026,0.971,-0.023
ac1f09fffe044ddc,RAK5205-1,1621029564,439,ac1f09fffe0468cf,7.8,-56,867500000,5,47.8928,1.895,40.3,3.81,59,1000.9,16.6,29.98,-0.026,0.965,-0.033
ac1f09fffe044ddc,RAK5205-1,1621029606,440,ac1f09fffe0468cf,8.8,-58,868100000,5,47.8927,1.8951,56.3,4.21,59,1000.9,16.6,30.4,-0.024,0.97,-0.032
ac1f09fffe044ddc,RAK5205-1,1621029666,441,ac1f09fffe0468cf,7.3,-57,867500000,5,47.8929,1.8951,29.1,4.21,59,1000.9,16.6,28.85,-0.024,0.972,-0.021
ac1f09fffe044ddc,RAK5205-1,1621029720,442,ac1f09fffe0468cf,8.3,-55,868500000,5,47.8928,1.8951,52.9,4.21,59,1000.9,16.6,28.6,-0.028,0.972,-0.023
ac1f09fffe044ddc,RAK5205-1,1621029755,443,ac1f09fffe0468cf,7,-57,868500000,5,47.8926,1.8949,87.7,3.81,59,1000.9,16.5,30.77,-0.023,0.968,-0.022
ac1f09fffe044ddc,RAK5205-1,1621029803,444,ac1f09fffe0468cf,9.3,-58,867900000,5,47.8926,1.8949,87.9,4.21,59,1000.9,16.5,29.98,-0.023,0.973,-0.028
ac1f09fffe044ddc,RAK5205-1,1621029845,445,ac1f09fffe0468cf,9.3,-58,867700000,5,47.8924,1.8946,126.4,4.21,59,1000.9,16.5,30.37,-0.026,0.967,-0.026
ac1f09fffe044ddc,RAK5205-1,1621029893,446,ac1f09fffe0468cf,7.3,-58,867500000,5,47.8924,1.8948,109,3.82,59,1000.9,16.5,29.69,-0.025,0.973,-0.027
ac1f09fffe044ddc,RAK5205-1,1621029935,447,ac1f09fffe0468cf,10.5,-59,867900000,5,47.8926,1.8951,70.8,3.81,59,1000.8,16.5,30.13,-0.027,0.97,-0.028
ac1f09fffe044ddc,RAK5205-1,1621029985,448,ac1f09fffe0468cf,11,-58,868100000,5,47.8925,1.8952,82.9,3.82,59,1000.9,16.5,29.36,-0.021,0.971,-0.03
ac1f09fffe044ddc,RAK5205-1,1621030025,449,ac1f09fffe0468cf,11.3,-57,868300000,5,47.8923,1.8948,126.7,4.21,59,1000.8,16.5,30.11,-0.028,0.966,-0.024
ac1f09fffe044ddc,RAK5205-1,1621030093,450,ac1f09fffe0468cf,9.5,-58,867900000,5,47.8925,1.8948,101,3.81,58.5,1000.8,16.5,27.77,-0.023,0.967,-0.031
ac1f09fffe044ddc,RAK5205-1,1621030145,451,ac1f09fffe0468cf,10.5,-56,868300000,5,47.8926,1.8951,80.1,4.21,58.5,1000.9,16.6,28.01,-0.03,0.971,-0.027
